,AAPL.O,AAPL.O,AAPL.O,AAPL.O,AAPL.O,AMZN.O,AMZN.O,AMZN.O,AMZN.O,AMZN.O,AVGO.O,AVGO.O,AVGO.O,AVGO.O,AVGO.O,BAC,BAC,BAC,BAC,BAC,BRKb,BRKb,BRKb,BRKb,BRKb,COST.O,COST.O,COST.O,COST.O,COST.O,CRM,CRM,CRM,CRM,CRM,GOOG.O,GOOG.O,GOOG.O,GOOG.O,GOOG.O,GOOGL.O,GOOGL.O,GOOGL.O,GOOGL.O,GOOGL.O,HD,HD,HD,HD,HD,JNJ,JNJ,JNJ,JNJ,JNJ,JPM,JPM,JPM,JPM,JPM,LLY,LLY,LLY,LLY,LLY,MA,MA,MA,MA,MA,META.O,META.O,META.O,META.O,META.O,MSFT.O,MSFT.O,MSFT.O,MSFT.O,MSFT.O,NFLX.O,NFLX.O,NFLX.O,NFLX.O,NFLX.O,NVDA.O,NVDA.O,NVDA.O,NVDA.O,NVDA.O,ORCL.K,ORCL.K,ORCL.K,ORCL.K,ORCL.K,PG,PG,PG,PG,PG,TSLA.O,TSLA.O,TSLA.O,TSLA.O,TSLA.O,UNH,UNH,UNH,UNH,UNH,V,V,V,V,V,WMT,WMT,WMT,WMT,WMT,XOM,XOM,XOM,XOM,XOM
,1 Week Total Return,Volume,Company Market Capitalization,Price Close,Price Open,1 Week Total Return,Volume,Company Market Capitalization,Price Close,Price Open,1 Week Total Return,Volume,Company Market Capitalization,Price Close,Price Open,1 Week Total Return,Volume,Company Market Capitalization,Price Close,Price Open,1 Week Total Return,Volume,Company Market Capitalization,Price Close,Price Open,1 Week Total Return,Volume,Company Market Capitalization,Price Close,Price Open,1 Week Total Return,Volume,Company Market Capitalization,Price Close,Price Open,1 Week Total Return,Volume,Company Market Capitalization,Price Close,Price Open,1 Week Total Return,Volume,Company Market Capitalization,Price Close,Price Open,1 Week Total Return,Volume,Company Market Capitalization,Price Close,Price Open,1 Week Total Return,Volume,Company Market Capitalization,Price Close,Price Open,1 Week Total Return,Volume,Company Market Capitalization,Price Close,Price Open,1 Week Total Return,Volume,Company Market Capitalization,Price Close,Price Open,1 Week Total Return,Volume,Company Market Capitalization,Price Close,Price Open,1 Week Total Return,Volume,Company Market Capitalization,Price Close,Price Open,1 Week Total Return,Volume,Company Market Capitalization,Price Close,Price Open,1 Week Total Return,Volume,Company Market Capitalization,Price Close,Price Open,1 Week Total Return,Volume,Company Market Capitalization,Price Close,Price Open,1 Week Total Return,Volume,Company Market Capitalization,Price Close,Price Open,1 Week Total Return,Volume,Company Market Capitalization,Price Close,Price Open,1 Week Total Return,Volume,Company Market Capitalization,Price Close,Price Open,1 Week Total Return,Volume,Company Market Capitalization,Price Close,Price Open,1 Week Total Return,Volume,Company Market Capitalization,Price Close,Price Open,1 Week Total Return,Volume,Company Market Capitalization,Price Close,Price Open,1 Week Total Return,Volume,Company Market Capitalization,Price Close,Price Open
Date,,,,,,,,,,,,,,,,,,,,,,,,,,,,,,,,,,,,,,,,,,,,,,,,,,,,,,,,,,,,,,,,,,,,,,,,,,,,,,,,,,,,,,,,,,,,,,,,,,,,,,,,,,,,,,,,,,,,,,,,,,,,,
2024-01-02,-3.83838383749247,82488674,2870346373440,185.64,187.15,-2.26843100185705,47339424,1556723190000.0,149.93,151.54,-4.10905653376212,28831019,508110410781.22,108.538,109.212,0.118133491216832,36668634,268275515274.6,33.9,33.39,1.577782137799,4740903,790426606179.28,362.46,356.32,-1.35984759181392,2657689,288711893870.4,650.65,655.58,-3.7900984151428,4741418,247933840000,256.13,260.54,-2.28259347334705,20071885,1729508690000,139.56,139.6,-2.36715658558232,23711220,1729508690000,138.17,138.55,-1.21095874759344,2833794,343444957127.52,345.08,344.21,2.45292685987331,9622108,385092360841.4,159.97,156.93,2.19134152898064,9977424,497484715319.28,172.08,169.09,3.77275833688253,3226661,562172601450.6,592.2,580.41,-0.420138315796825,2463746,394045260000,421.89,424.09,-2.40678634816818,19042152,889917765464.28,346.29,351.32,-1.01158383695221,25258633,2756305840000.0,370.87,373.86,-4.61939371668391,5049423,202747865104.0,468.5,483.185,-2.25451003459192,411254219,1189749600000,48.168,49.244,-2.00583859190782,9597500,286052823320,104.06,104.52,1.91859668324044,7238388,349988351571.96,148.74,146.36,-3.19161373318567,104654163,789707651952.22,248.42,250.08,3.71324731160698,3415659,499594392124.948,539.34,526.84,-0.111899984569375,5470986,520329218775.48,258.87,259.61,1.84131449402571,23539700,428845481177.945,53.09661357,52.41661425,0.215390639720847,23483049,406471560000.0,102.36,100.92
2024-01-03,-4.60781775764199,58414460,2848854338000,184.25,184.22,-3.17594887234807,49425495,1541564010000.0,148.47,149.2,-6.00175817150165,34735469,495564243532.02,105.858,107.02,-0.91607565044044,45988748,265347434429.42,33.53,33.65,2.7454825619903,4322822,799641451035.8,366.75,362.08,-3.31583683248421,2612563,286067272511.04,644.69,651.21,-5.57888422279143,5097120,243781120000,251.84,253.5,-0.763574659888833,18974308,1739138240000,140.36,138.6,-1.03298425631303,24212147,1739138240000,138.92,137.25,-2.94666169302447,3309589,336657271351.44,338.26,342.48,2.95490885746821,8231987,387499639461.4,160.97,160.64,1.1393152299557,9852335,495316459063.53,171.33,171.86,6.22345273501985,5130330,586379628362.1,617.7,600.0,-1.31727778310221,3093684,391131180000,418.77,421.2,-3.73361652140414,15451133,885240615292.04,344.47,344.98,-0.927633865556621,23083465,2754299200000.0,370.6,369.01,-4.37788486938381,3443694,203509521971.84,470.26,467.32,-3.73960377985424,320896169,1174954300000,47.569,47.485,-3.28487823310191,9455569,281654548120,102.46,103.3,1.21867725537925,7697534,347870632623.36,147.84,148.34,-8.79360465111626,121082599,758013805683.95,238.45,244.98,3.6802540209441,2891500,502086155545.117,542.03,543.04,-0.366894526810613,4148294,518540316991.92,257.98,258.55,0.899417279309178,18756078,428872400822.741,53.0999469,53.25661341,1.53452685327078,23490779,409886620000.0,103.22,102.27
2024-01-04,-6.02851534245168,71983570,2812673501360,181.91,182.15,-5.74390402983082,56039807,1501070310000.0,144.57,145.59,-6.53949982626669,25658029,491084138286.69,104.901,105.796,-0.23612750920714,39834607,267484142073.2,33.8,33.57,1.70875632873029,4144302,793036729559.84,363.68,367.41,-2.22440054255675,2171077,287691318513.6,648.35,642.08,-5.3995029746162,4489773,243200320000,251.24,251.83,-2.29331823252571,18253331,1708809550000,138.04,139.85,-2.73835841152829,27137735,1708809550000,136.39,138.42,-2.52475817593658,3652356,336985707759.96,338.59,339.93,2.58653723265252,6766641,386681164730.6,160.63,161.59,1.26834997073404,11972545,495547739730.81,171.41,170.64,5.79323405287768,6272532,583341883808.5,614.5,625.26,-1.53640457837679,2042551,392065180000,419.77,418.5,-3.12569769965174,12099895,892050751531.84,347.12,344.5,-1.9558729480749,20901502,2734530080000.0,367.94,370.665,-3.22929196123229,3636513,205417991737.28,474.67,472.98,-3.07742013684025,306534889,1185550600000,47.998,47.767,-3.44470588218692,6822299,282011907980,102.59,102.77,2.00370548134341,7067618,349776579677.1,148.65,148.05,-6.0233825730892,102629283,756360766560.63,237.93,239.25,3.90931606003455,2994377,505226336775.821,545.42,545.0,-0.303379415890182,3842976,521816620258.44,259.61,258.07,0.120581329112834,19282489,424726363612.355,52.58661408,53.06994693,2.12596067370629,19395154,406312720000.0,102.32,104.08
2024-01-05,-5.89518516618571,62379661,2801386317280,181.18,181.99,-4.40963538311671,45153147,1508026920000.0,145.24,144.69,-5.99955207166855,22474689,491210536240.32,104.928,105.16,2.25720225665922,49242362,272469793242.02,34.43,33.8,2.50378511899167,2965666,797117285278.12,365.59,364.83,-0.616591927466792,2233451,291090278180.16,656.01,656.18,-4.56791061817493,3675979,243084160000,251.12,251.21,-2.51188533233851,15439475,1700642860000,137.39,138.352,-2.8348485934832,22513854,1700642860000,135.73,136.745,-1.04169672468873,2664279,341315096781.36,342.94,337.87,2.80081663808101,5602564,387884804040.6,161.13,160.5,1.89610115878056,10066029,498034006904.07,172.27,171.47,6.11233102295932,2403955,587186529259.15,618.55,614.0,-1.66232913582163,2416004,391738280000,419.42,420.49,-0.567860774194018,13750912,904463188527.4,351.95,346.99,-2.20455270675403,21004575,2733118000000.0,367.75,368.97,-2.63309234288771,2631250,205154008391.04,474.06,476.5,-0.858204434361642,415039269,1212695900000,49.097,48.462,-2.56094090881508,6133770,282396757060,102.73,102.53,0.600518628866853,5294358,346882363780.68,147.42,148.72,-4.42289117792108,92488939,754962041148.59,237.49,236.86,2.07229281865171,2815541,497778827381.481,537.38,547.0,-0.253504896690271,3748636,521977420418.76,259.69,260.78,-0.596257532144229,21709524,421899518224.205,52.23661443,52.63994736,2.65053010519876,15827392,407543730000.0,102.63,103.17
2024-01-08,-3.62021503134847,59144470,2869109421760,185.56,182.085,-1.86915887958127,46757053,1548105300000.0,149.1,146.74,-3.70884658454649,33110289,503180890589.65,107.485,105.65,1.45530145449002,40253887,270333085598.24,34.16,34.3,3.2299669165607,3454065,803082620872.24,368.18,366.01,0.243909830152078,2245294,293610655583.04,661.69,655.81,-0.862658661484905,6626012,252522160000,260.87,252.21,-0.283828850792744,17645293,1739564190000,140.53,138.0,-0.608490228893988,21403982,1739564190000,138.84,136.29,0.398210936593335,2736244,346281453382.92,347.93,343.43,3.05601633155457,6569810,388847715488.6,161.53,161.1,1.74822848623015,11229916,497311254818.82,172.02,172.02,7.39552597231201,2453931,594287257153.19,626.03,622.43,-0.907364422115575,2125446,394129320000,421.98,419.44,1.3278336549571,13890222,921706967459.12,358.66,354.7,-0.359004360388315,23133967,2784696080000.0,374.69,369.3,-0.379970424163212,3675775,209901381027.52,485.03,473.89,5.51472072980805,642509899,1290649100000,52.253,49.512,-0.73034240711024,7038658,287702176520,104.66,102.94,1.46717619694259,8255307,349870700519.26,148.69,147.91,-3.23164842209086,85166580,764371648465.95,240.45,236.14,1.90894068073235,2648939,496982203951.851,536.52,539.4,0.841175341490308,4659030,527705926130.16,262.54,260.94,0.380589914880036,20680898,426045555434.591,52.74994725,52.2332811,0.94018803647471,23370127,400753320000.0,100.92,100.73
2024-01-09,-0.269338505041417,42841809,2862615425440,185.14,183.92,0.960448208161457,43812567,1571674710000.0,151.37,148.33,-0.266266192485554,23225339,506757484536.81,108.249,106.562,-0.796460177439928,39268843,266138807630.82,33.63,33.82,1.22496275511839,2999607,800096561329.2,366.9,368.0,2.54053638717258,1886171,296046724586.88,667.18,658.88,2.03412329594583,4571839,252977120000,261.34,259.5,2.14961306990866,19579667,1765399510000,142.56,140.06,2.01201418467951,24759598,1765399510000,140.95,138.5,0.321664541892086,2338058,344549697774.36,346.19,345.81,1.03769456694132,6357014,389088443350.6,161.63,161.63,-0.217686104275361,9923630,493379483475.06,170.66,171.62,5.6197230658162,2918891,593765144808.04,625.48,630.105,0.324959045711704,2439387,394708400000,422.6,419.1,3.21695688725812,13463871,918546036298.76,357.43,356.4,1.32661040362427,20829953,2792871280000.0,375.79,372.01,2.90074706514052,3526757,208629067850.56,482.09,475.53,10.3222056137963,773100059,1312558000000,53.14,52.401,-0.413223140165586,6725200,284870786860,103.63,103.85,0.376495898111107,9786934,351306043362.2,149.3,148.57,-5.41824329654457,96705664,746919370029.36,234.96,238.11,-0.179849445284808,2677038,498695869003.17,538.37,538.0,1.72287248516552,7055782,529293827713.32,263.33,262.0,0.01255571644192,23322401,428899320467.537,53.10328023,52.64328069,-2.62797968092664,19496647,395789570000.0,99.67,101.29
2024-01-10,1.05291723196699,46792908,2878850416240,186.19,184.35,3.54280325960783,44421830,1596178590000.0,153.73,152.06,2.07731111488974,17643449,505858654644.33,108.057,108.035,0.208768267057535,34904016,265901395670.4,33.6,33.5,0.319018405213245,2448737,802057891802.56,367.92,366.26,4.35403062014177,1801881,298522729148.16,672.76,669.56,4.88008259125414,5128300,255677840000,264.13,263.27,2.45084069537624,16641881,1781459120000,143.8,142.52,2.41865821999419,21320203,1781459120000,142.28,141.0,5.48099095394177,4109255,355109425939.2,356.8,350.62,0.559110393155815,4945088,389666190219.4,161.87,161.825,0.430520627598341,9670218,494420246477.82,171.02,170.0,2.0220171596161,2679074,598236325072.87,630.19,628.49,2.42850202066769,2709369,400004180000,428.27,426.0,7.54782709747592,22117206,952057046324.04,370.47,360.17,3.28386400524219,25514245,2844746640000.0,382.77,376.37,1.7160719607461,4342448,207001891814.72,478.33,481.6,14.2550820913905,533795759,1342445000000,54.35,53.616,1.81534257277183,7270545,285667974240,103.92,103.09,1.42045454484934,8591116,352811976836.76,149.94,149.35,-1.89138183998996,91628502,743676870210.54,233.94,235.1,-0.809918270295817,2179994,498019666302.867,537.64,538.1,2.55058531711574,4355784,531766130178.24,264.56,264.97,1.2492153174346,20122058,434229943199.478,53.76327957,53.18661348,-4.38868436512786,18206088,391897990000.0,98.69,99.8
2024-01-11,2.02297839589811,49128408,2869573278640,185.59,186.54,7.33900532612348,49072691,1611233940000.0,155.18,155.04,4.85886693167845,25757219,514945263088.62,109.998,108.432,-1.92307692322886,48790555,262340216264.1,33.15,33.36,-0.093488781422879,3579713,792675418575.12,363.34,367.81,3.89141667313466,1670780,298886586449.28,673.58,671.0,8.01623945134224,9012600,262695840000,271.38,268.0,4.0785279629167,17471130,1779365490000,143.67,144.895,4.17186010679855,24008722,1779365490000,142.08,143.49,5.29844354568403,3530570,354840705241.32,356.53,357.09,0.323725331356961,4946015,387932949613.0,161.15,162.07,-0.647570153407484,11919498,492338720472.3,170.3,170.33,3.45321399460166,2690341,603485927379.56,635.72,634.39,1.81466365539324,2320769,398556480000,426.72,430.0,6.49631251454026,17205385,950001156138.44,369.67,372.13,4.53606566356863,27850846,2858570160000.0,384.63,386.0,3.6994122232852,7993265,213017250032.32,492.23,492.54,14.2172590524513,596758769,1354103400000,54.822,54.999,2.518054145652,6118998,288004557940,104.77,104.35,1.25126135213483,6659447,354153198837.54,150.51,150.05,-4.50132391759609,105873612,722314518463.02,227.22,230.57,-1.05239998538489,2814058,499909331577.27,539.68,536.13,1.70255383087676,5598998,530700829116.12,264.03,265.46,2.12347870214154,14355221,433745341132.938,53.70327963,53.78327955,-3.56724003288864,15833360,391818570000.0,98.67,99.04
2024-01-12,2.61618280128542,40477782,2874675704320,185.92,186.06,6.45827595697224,40484155,1605419460000.0,154.62,155.39,5.56572125648065,26881959,518549945469.92,110.768,111.21,-4.73424339196897,74344294,259570410059.2,32.8,32.25,-0.53885500219929,2623907,793102086850.16,363.62,366.51,4.15085135916107,2388399,303173002947.84,683.24,677.5,8.28687480005177,4847604,263228240000,271.93,271.23,4.98580682691705,13998729,1786467690000,144.24,144.34,5.09835703190116,18785514,1786467690000,142.65,142.67,3.72368344302654,1956284,354024590529.24,355.71,358.53,0.781977285078805,4496942,390917975101.8,162.39,161.84,-1.86915887909037,19436504,488724960046.05,169.05,173.8,3.93985934731547,2067773,610320852625.16,642.92,638.2,2.46796434977119,1892426,400779400000,429.1,429.95,6.40431879532142,19310046,962387894506.68,374.49,370.155,5.63426240679932,21661153,2887109040000.0,388.47,385.49,3.81808209911465,5003718,212986956861.44,492.16,500.51,11.432470415034,352993599,1351337000000,54.71,54.62,4.16656831362603,9703848,293035085200,106.6,105.1,2.15710215659704,5684834,354364970732.4,150.6,150.95,-7.83190871129824,123043812,695834103275.99,218.89,220.08,-2.95321746233654,6327267,483078333150.272,521.51,518.86,1.72513381393626,4656238,530982229396.68,264.17,265.13,2.94173951933616,13628980,434310710210.568,53.77327956,53.78994621,-2.61132222711544,18041683,396901450000.0,99.95,100.14
2024-01-16,-0.815599007306544,65603041,2839267962480,183.63,182.16,1.18253286734298,41384636,1590260280000.0,153.16,153.53,2.9995658158505,26145079,521958008812.24,111.496,111.234,-4.49003865580454,58420786,254189072289.68,32.12,32.41,-1.58081221028789,3047780,787343380174.8,361.1,362.94,2.14484846674046,1626699,302396478219.84,681.49,683.24,3.00374990455001,5858670,260575920000,269.19,269.7,1.06621773278979,19198939,1784474090000,144.08,143.43,1.09258602287323,22670467,1784474090000,142.49,142.0,3.53563072246335,3669405,356731702744.92,358.43,358.06,-0.686753697386722,6923174,386416364082.4,160.52,161.57,-1.56451423882371,17206420,485660491204.59,167.99,164.87,1.45328387727837,2413610,602394237930.61,634.57,643.91,1.3606247039619,2397988,400078900000,428.35,427.44,2.80614386005027,15306885,944321759500.72,367.46,373.65,3.85321589179108,27202268,2900486640000.0,390.27,393.66,-0.176315625584733,4678974,208261222204.16,481.24,490.0,6.1008656375686,449579729,1392635400000,56.382,55.018,3.23284778033599,7547241,292952617540,106.57,106.41,0.328198257844314,8120101,352459023678.66,149.79,150.15,-6.40534559065387,115355046,699076603094.81,219.91,215.1,-3.57003547690308,3736718,480892239757.388,519.15,523.71,0.725325637396779,6196414,533132931540.96,265.24,263.52,1.58182160643088,17032607,435683741322.396,53.94327939,53.81327952,-1.98655563416557,20235699,387926990000.0,97.69,99.82
2024-01-17,-1.88517106273209,47317433,2824579161280,182.68,181.27,-1.31399206365996,34953363,1575204930000.0,151.71,151.49,2.13776062633613,18314049,516672701788.23,110.367,110.629,-5.35714285703444,48811264,251656678045.2,31.8,31.72,-2.34561861246245,2551707,783669796589.72,359.29,359.01,1.69897140153781,1786799,303594544943.04,684.19,680.5,2.76757657221489,4706498,262753920000,271.44,268.29,-0.632823365871382,17884548,1770797420000,142.89,142.91,-0.569299972150461,20968649,1770797420000,141.47,141.345,-0.308295964530836,2646225,354014637910.8,355.7,356.63,-0.889602768826925,5072104,386199709006.6,160.43,160.25,-2.2979768443725,11107466,483058583697.69,167.09,167.34,-0.203113346824169,2124096,597021227251.43,628.91,639.45,-0.198472927029059,2690522,399210280000,427.42,425.48,-0.566847518100155,12724779,946660334586.84,368.37,366.3,1.75039841080822,22234108,2894541040000.0,389.47,387.98,0.418121381005743,4894593,207867410982.72,480.33,484.5,3.13339466384279,474394439,1384509100000,56.053,56.347,2.41531947749818,7771460,292567768460,106.43,106.46,-7.73714e-10,6541439,352811976836.76,149.94,149.155,-7.8609899972796,103164400,685216505830.05,215.55,214.86,-2.36217543228561,3791496,486255558948.408,524.94,521.28,0.782431206852308,5118722,535650906138.53,266.63,264.42,-0.136400272399972,14827676,433637646400.35,53.68994631,53.79327954,-1.73269834869276,18384015,385107580000.0,96.98,96.6
2024-01-18,1.63801928898601,78005754,2916577442480,188.63,186.09,-1.08261373827112,37850245,1593790500000.0,153.5,152.77,3.99370897652689,32228399,535510678284.79,114.391,112.49,-4.2835595776879,35484422,251102716804.22,31.73,31.75,-0.26421533472305,3008442,790143536566.24,362.38,359.25,2.03836218419085,1900615,304978977600.96,687.31,682.83,1.13493993677833,4752437,265677280000,274.46,273.0,0.918772186457684,18876800,1796354210000,144.99,143.44,0.985360359332521,25746417,1796354210000,143.48,142.05,0.384259389075714,2510660,356204213967.6,357.9,356.12,0.03723239081479,5368502,388077386330.2,161.21,160.0,-1.69113329433089,9382255,484012616450.22,167.42,167.12,-1.94582520646281,3384999,591743146089.55,623.35,621.28,0.937382825837574,2075759,402292480000,430.72,428.64,1.74750453160784,16354332,966602469387.16,376.13,371.49,2.4023087113644,23392068,2927241840000.0,393.87,391.72,-1.40584685923643,4054399,210022553711.04,485.31,480.03,4.16803473075209,491650359,1410542900000,57.107,57.26,3.75107378107291,10362279,298807821400,108.7,106.99,-0.94963789872522,6526221,348576538939.56,148.14,148.225,-6.75116627111809,108595431,673549864325.08,211.88,216.88,-4.32478505650542,7367041,478289320573.225,516.34,505.23,1.55664129124757,6694264,538684446506.34,268.14,267.88,1.3220780832091,18190629,439479790843.626,54.41327892,53.71994628,-1.89520624269262,20940275,384392800000.0,96.8,97.0
2024-01-19,3.03356282265519,68902985,2958046724360,191.56,189.33,0.465657741484282,51651628,1612895220000.0,155.34,153.83,9.34565939621552,53077119,567011857172.8,121.12,115.731,-1.76829268341571,49493617,254980445491.08,32.22,31.8,0.92679170671981,4092548,800335110606.52,366.99,362.25,1.71681985841103,2267866,308377937267.52,694.97,688.5,3.29128819884523,7413577,271891840000,280.88,276.51,2.58596783197325,27181032,1832943490000,147.97,146.305,2.61479144702854,34271867,1832943490000,146.38,144.74,1.88355683059458,3234572,360692844884.04,362.41,358.81,-0.437219041042736,7071320,389208807281.6,161.68,161.15,0.74534161525508,13115664,492367630555.71,170.31,167.55,-2.23044857815417,3125030,596707959844.34,628.58,622.39,1.78979258780103,2400409,407952520000,436.78,432.55,2.3925872528167,21670806,985413864585.4,383.45,379.0,2.62568538048638,29331136,2962915440000.0,398.67,395.76,-1.87134265162953,5672351,209001241092.8,482.95,484.98,8.7388046067471,543501479,1469427700000,59.491,57.989,2.87992495290759,11163772,301474275740,109.67,109.32,-1.38972081188786,7848138,347235316938.78,147.57,148.25,-3.06089816796624,102260343,674535329956.29,212.19,209.99,-3.44192824552602,6143395,466451121297.856,503.56,515.0,2.54760192259649,7226520,544229195787.9,270.9,268.18,0.657079096784408,19175314,437164475243.514,54.12661254,54.47661219,-3.00150074957571,20088432,384988450000.0,96.95,96.72
2024-01-22,4.28679001663959,60133852,2994026307090,193.89,192.3,0.103479498426329,43687468,1607080740000.0,154.78,156.89,10.1852520583562,31222239,571365564464.5,122.05,121.625,-0.762195122551201,43903361,257591977055.7,32.55,32.36,1.22105494861071,3558313,802658703960.08,368.06,368.05,1.35677068086462,2452868,307286365364.16,692.51,695.43,3.07799801427311,6735912,271330400000,280.3,283.79,2.40571270145911,21829232,1828823920000,147.71,148.71,2.34139502235988,32200369,1828823920000,145.99,147.1,0.275505327915826,4003659,354999947136.36,356.69,359.36,0.049264116486891,6824156,391110557391.4,162.47,162.0,0.6270334228621,12837505,491789428887.51,170.11,170.46,-1.87270577997235,2030201,598891338742.24,630.88,630.0,2.48193894023059,2715618,410726500000,439.75,438.98,1.94664744180937,17680454,981122193822.96,381.78,387.95,2.06965788797218,27016902,2946862320000.0,396.51,400.02,-1.31054941330729,5212309,210195657544.64,485.71,487.55,9.03673917097452,452954629,1473453800000,59.654,60.049,3.2833020636525,7485307,302656312200,110.1,110.06,-1.19593494124333,11084134,347917693044.44,147.86,146.97,-4.60962127065034,117952527,664984238652.0,208.8,212.26,-1.63371747265781,5922855,475186192531.467,512.99,503.94,2.66116515817878,5984272,544831885927.2,271.2,272.24,0.663277956304098,13938394,437191394888.31,54.12994587,54.26327907,-3.13156578211456,19955946,384472220000.0,96.82,96.7
2024-01-23,6.28982192428285,42355590,3013946333580,195.18,195.02,1.86732828424383,37986039,1619955660000.0,156.02,154.85,9.98690535983351,16952109,574085461170.39,122.631,122.1,2.02366127040263,30003405,259332998098.78,32.77,32.54,3.05732484145727,2900467,811342255587.12,372.14,368.02,0.895097506731046,2208580,305103221557.44,687.59,690.72,2.81585497235533,6573810,267913360000,276.77,280.83,3.19267073874461,14113649,1837448760000,148.68,147.72,3.19320654022022,21636129,1837448760000,147.04,145.89,-2.13430795280862,3878445,349117949638.32,350.78,355.85,-0.442312484960661,9149777,384707196262.2,159.81,159.66,0.595273529419704,8360829,488551499545.59,168.99,169.67,-0.770600564469526,2524983,597752184534.64,629.68,627.69,2.43025563039172,2328662,409801840000,438.76,440.27,4.82773635300906,15506096,989911124366.4,385.2,384.615,2.21128961914876,20525882,2964624800000.0,398.9,395.75,2.2753719573662,15506024,212999939648.96,492.19,492.0,6.19169238522319,294654449,1478863100000,59.873,59.57,4.93572299844052,9185921,307411947260,111.83,110.29,3.45001964974645,19101558,362318181894.92,153.98,153.11,-4.89745805047294,106605946,666067067393.1,209.14,211.3,-0.699219877065893,2673106,477529750591.604,515.52,512.5,2.2696425870891,5882995,544952423955.06,271.26,271.55,0.599394425702537,12066528,438295205322.073,54.2666124,54.03994596,0.225202170196437,15863433,388800610000.0,97.91,96.81
2024-01-24,6.47033063216116,53631316,3003445854500,194.5,195.42,3.40122602313533,48547315,1629468503119.17,156.87,157.8,13.6091404133482,34804819,586987415252.03,125.387,124.2295,3.71069182362895,36403863,260994881821.72,32.98,33.03,4.81505190848501,4594038,821100669866.12,376.59,372.53,0.339087095434243,1946549,304623994868.16,686.51,689.0,2.00412614206087,7037765,268019840000,276.88,279.98,5.22079921696548,19245031,1858144250000,150.35,150.29,5.11062416005363,25233450,1858144250000,148.7,148.54,-2.36997469711682,3474405,345624580565.88,347.27,351.94,-0.916287477245748,7247926,382661009435.2,158.96,159.75,2.04081632772211,9967060,492916922140.5,170.5,169.36,0.761635209847022,2276855,601568351130.1,633.7,633.52,2.6390903547854,2725669,409745800000,438.7,438.53,6.06183999904146,15604285,1004045369392.4,390.7,390.0,3.36097773882216,24866953,2991825920000.0,402.56,401.54,13.436595675329,26432797,235797714534.08,544.87,537.75,9.47139314704502,560270759,1515641400000,61.362,60.304,7.40392746340643,11702698,314229273820,114.31,113.42,2.09815479266775,11592672,357941562734.48,152.12,153.93,-3.58153560620661,123369932,661894991949.45,207.83,211.88,-2.23073113001259,2918924,475408503513.079,513.23,517.9,1.88275887837732,5021703,545735921136.15,271.65,272.57,-0.353883405127131,22932883,432103081266.341,53.4999465,54.2999457,2.70158795676763,17330646,395511600000.0,99.6,98.32
2024-01-25,2.93696654776685,54822126,2998350033770,194.17,195.22,2.76872964143096,43638592,1638609398655.25,157.75,156.95,7.52594172618473,36356099,575812899870.0,123.0,128.1,5.23164197829062,46203967,264239511947.46,33.39,33.21,5.09685964992228,4059189,829684274087.8,380.85,379.24,-1.07811613421347,2751888,301690950038.4,679.9,686.5,1.66508780878178,4178020,270101040000,279.03,278.61,5.9659286850142,21495120,1898237380000,153.64,151.74,5.84750487821668,29149069,1898237380000,151.87,150.065,-1.9362950535521,3064197,349307049388.68,350.97,352.59,-1.0235097077263,5478898,384105376607.2,159.56,159.0,3.29709712241708,8873481,499970982492.54,172.94,172.31,0.685008422383615,2407930,595796636478.26,627.62,627.37,1.41158989492431,2977825,407971200000,436.8,436.0,4.53300720544563,15091080,1010418628967.76,393.18,390.17,2.79279965504984,21021155,3008360716035.23,404.87,404.32,15.8022707151012,9451915,243210886208.0,562.0,551.95,7.89745565395859,482776839,1521939900000,61.617,62.35,5.79576816831311,8877205,316126030000,115.0,114.89,5.04927771071617,10352452,366177136423.48,155.62,152.4,-13.8049839524459,198076787,581638273491.45,182.63,189.7,-4.44280900122815,14671004,457039840249.366,493.4,487.59,1.66703960543451,6894942,547664529581.91,272.61,271.95,-0.245037981226881,16369618,438402900054.66,54.27994572,53.7999462,5.50619834758681,22089510,405558230000.0,102.13,100.31
2024-01-26,0.448945499498388,44594011,2971326742020,192.42,194.27,2.43337195891151,51047353,1652840111023.92,159.12,158.42,-0.521796565389698,25817599,564053208776.72,120.488,121.97,3.75543140828458,30839827,264556061228.02,33.43,33.4,5.01648546297204,3624361,839139117287.2,385.4,381.05,-1.16407902563829,1825517,304788174382.08,686.88,680.08,-0.334662488863358,4877365,270981920000,279.94,279.28,3.9332297082689,19494488,1901218060000,153.79,152.87,3.96570569710994,26115494,1901218060000,152.185,151.1,-1.96186639402999,3177883,353616533173.2,355.3,351.47,-1.34834240475894,5591930,383960939890.0,159.5,160.43,1.1567142285033,7442955,498062916987.48,172.28,172.61,1.69747685185415,2410349,606836939340.25,639.25,637.35,0.400659369905498,2725548,409587020000,438.53,432.55,2.78784717723251,13159290,1004822528478.84,394.14,394.35,1.31938696214253,17803271,3001376105979.97,403.93,404.37,18.1116057578214,12770571,246854721905.28,570.42,561.81,2.58862685141452,390308589,1507465700000,61.031,60.96,4.53177714939881,5541900,315136418080,114.64,114.64,5.80741343108813,8356819,367400707371.56,156.14,155.81,-13.638720014683,107343231,583612843548.75,183.25,185.5,-0.071490983668954,6212173,466117650034.019,503.2,493.28,-1.09265411580017,8586548,538282653080.14,267.94,265.94,1.16393644551755,15746325,442252788865.483,54.75661191,54.34994565,6.24033006686584,20817240,409013000000.0,103.0,101.97
2024-01-29,-1.11403373048274,47145622,2960671844130,191.73,192.01,4.18658741450315,45270385,1675069106986.66,161.26,159.34,-0.223678820155671,21526469,570087540711.13,121.777,121.491,3.25652841687949,30269262,265980532990.54,33.61,33.4,4.10802586565058,3799251,834221581292.24,383.18,385.49,0.216603370057777,2215436,307951957988.16,694.01,689.9,2.69711023916788,5762263,278648480000,287.86,281.4,4.82702592842656,20909258,1916132260000,154.84,153.64,5.15103774220422,27784259,1916132260000,153.51,152.06,-0.277551934958542,2731986,354014637910.8,355.7,355.15,-1.91419954457102,6483190,383623920883.2,159.36,159.01,1.54017988436834,6971192,499363870740.93,172.73,172.24,2.23814354539387,2718484,612295386585.0,645.0,641.5,0.188743604177088,2314246,411501720000,440.58,435.78,5.03955157384108,18742433,1022362435608.12,401.02,394.985,3.33156793063334,24510236,3044398331745.88,409.72,406.06,18.5460459951086,6905390,249178640871.36,575.79,571.35,4.71217353408513,348732979,1542885500000,62.465,61.232,3.31516802842919,7014424,312689877500,113.75,114.19,5.6134180990945,8987609,367447767792.64,156.16,156.68,-8.55842911879026,125013148,608072033935.95,190.93,185.63,-1.64720559877709,4554106,467358903040.739,504.54,503.11,0.90707964641954,6574480,549773945069.46,273.66,266.97,1.63187388366894,18240330,444325803432.325,55.01327832,54.78327855,6.51724850197177,18317549,409529230000.0,103.13,102.98
2024-01-30,-3.65816169711863,55859370,2903691303240,188.04,190.94,1.91001153704065,45207430,1651593625269.0,159.0,160.7,-1.48004990581498,20682539,565588709843.04,120.816,121.677,6.16417454829072,60315745,275318736767.06,34.79,33.9,4.03342828048965,3094226,842797501856.2,387.15,383.24,1.91247691208254,1610482,310938250227.84,700.74,692.94,3.95996675950867,4810928,278522640000,287.73,287.63,2.93919827759122,26578934,1892119070000,153.05,154.01,3.0059847663809,36331833,1892119070000,151.46,152.8,1.80169907111747,2336454,355408004492.4,357.1,354.5,-0.650772792942789,7200538,382203626497.4,158.77,159.35,4.30794721647403,10822075,509598040268.07,176.27,172.83,2.42980561600958,2006101,612276400681.54,644.98,645.7,1.46549366441346,2663616,415807460000,445.19,440.9,3.85773624027326,18614727,1019915006706.36,400.06,403.59,2.42918024604799,33477610,3036001938807.11,408.59,412.26,14.3562445401338,6181798,243578731854.4,562.85,567.32,4.8452557909167,410735299,1550517800000,62.774,62.9,2.08351962718849,8231882,313816935520,114.16,113.36,2.27951682159335,7794730,370577285794.46,157.49,156.34,-8.3915080806119,109982327,610173995609.85,191.59,195.33,-2.310288641077,4931215,466497439158.688,503.61,504.54,2.17134852177467,6548999,556785240356.65,277.15,274.59,1.7137592136304,15270027,445806529276.742,55.19661147,54.8999451,7.08814217150777,19610934,416359350000.0,104.85,102.41
2024-01-31,-5.19280205657844,55467803,2847482856400,184.4,187.04,-1.06457576293667,50284371,1612121576363.2,155.2,157.0,-5.89136034836144,27400189,552405871420.0,118.0,118.945,3.12310491097789,54715969,269146025796.14,34.01,34.57,1.8986165335972,3857684,834505345289.12,383.74,386.53,1.21921020808227,1928495,308338001710.08,694.88,701.32,1.52051430241891,4557283,272095120000,281.09,284.05,-5.68673096244483,43908584,1751504000000,141.8,145.39,-5.78345662370223,71910044,1751504000000,140.1,143.62,1.63849454359102,3377866,351287620458.24,352.96,357.92,-0.03774534566523,8257029,382516572718.0,158.9,160.4,2.26392961861752,11521820,502221574391.28,174.36,176.2,1.8794382197352,4719039,612874456640.53,645.61,650.38,2.40027353575458,4740634,419580820000,449.23,450.0,-0.143332481133129,20180817,994624908054.84,390.14,389.0,-1.23708267031851,47871097,2954192835925.82,397.58,406.96,3.53111751463366,4857599,244124008930.24,564.11,562.85,0.268896059375634,453794869,1519716900000,61.527,61.44,-2.28326480671502,7386705,307054587400,111.7,113.81,3.30002629644137,8870215,369753728425.56,157.14,157.99,-9.88307751515274,103221430,596479396825.35,187.29,186.995,-0.290318181382288,5358104,918251969771.132,511.74,504.51,0.592674397584592,6139312,548970358217.06,273.26,277.12,2.95950155732236,26134901,444891172509.955,55.08327825,55.9332774,3.22289156592477,22415291,407934073202.67,102.81,104.74
2024-02-01,-3.76474223611093,64885408,2885469883660,186.86,183.985,0.969889064993934,76542419,1654502092030.48,159.28,155.87,-2.43821138211381,19411279,561773364205.69,120.001,118.735,0.479185383814507,57084761,265505709069.7,33.55,33.93,1.46776946461875,2949959,840096786365.92,386.44,384.0,3.76525959760985,2039177,312597794503.68,704.48,694.0,1.70949360369941,3218346,274718400000,283.8,282.01,-7.11403280523294,25526855,1763832330000,142.71,143.69,-7.05208401831593,40466549,1763832330000,141.16,142.12,2.59281420096711,2439201,358363932169.08,360.07,353.4,-0.752068187951582,8012122,381216642263.2,158.36,158.16,0.456805828442985,9354798,500406940347.54,173.73,173.64,5.22768554149533,2494287,626943011104.39,660.43,647.33,5.52197802210017,3292697,430499280000,460.92,455.0,0.406938297881676,29727051,1006454147746.68,394.78,393.94,-0.26922221911011,30657726,3000261540545.62,403.78,401.83,0.980427046637144,3174002,245595391515.84,567.51,567.02,2.28832951976781,369145789,1556766900000,63.027,62.1,0.460869565335686,7882168,317582958660,115.53,112.91,2.28762370017213,7601144,374553891375.72,159.18,156.77,3.41126868523371,91843275,601479517776.9,188.86,188.5,2.7847588156837,4242580,910607170323.227,507.14,508.83,1.62870034099387,7064976,556584343643.55,277.05,273.39,3.35912552170887,20792573,453129399564.434,56.10327723,55.2332781,0.254577498443309,19240687,406267578593.73,102.39,103.57
2024-02-02,-3.41440598701823,102551680,2869873583850,185.85,179.86,7.9751131220247,117218313,1784655979606.71,171.81,169.19,1.6150985990306,26689289,573163224249.46,122.434,120.875,0.119653004979603,40416033,264872610508.58,33.47,33.37,1.38816813791718,3808499,850278446581.0,390.75,386.68,3.43979143194946,2377629,314816436583.68,709.48,703.34,2.04329499297506,3629843,276518880000,285.66,285.2,-6.66493270144933,42136127,1776788900000,143.54,140.89,-6.44281630819536,62499574,1776788900000,142.38,139.26,0.543202927150044,3697782,355537388532.12,357.23,354.18,-1.81191222684677,8295916,377003904678.2,156.61,157.97,1.4221035518315,8607839,503287311845.54,174.73,173.3,4.44270629633765,3019223,633796922253.45,667.65,662.38,5.02816227006326,2050335,430181720000,460.58,462.21,20.5130156795512,84707646,1210941931298.94,474.99,459.6,1.80476815340274,28256670,3055543986089.38,411.22,403.81,-1.01328845425764,4032843,244353371509.76,564.64,564.52,8.40392587457077,476577649,1634152000000,66.16,63.974,1.00314026541313,6499594,318297678380,115.79,115.82,1.24887921208894,7937716,371989098426.86,158.09,158.97,2.54297407871671,110612672,598453966882.65,187.91,185.04,1.39705882216443,3804521,913836089101.192,510.23,508.25,3.44853325302179,4848891,556845509370.58,277.18,277.61,3.22639556718283,21670707,456521614030.214,56.52327681,56.04994395,-1.00000000027397,21973405,404601083984.79,101.97,103.75
2024-02-05,-2.1123454865008,69668820,2898132226080,187.68,188.15,5.61205506653801,55081297,1769074907670.21,170.31,170.2,2.08003153304808,22044519,581945541323.9,124.31,122.696,-1.84468908208488,43573022,261074019141.86,32.99,33.11,1.97818257804745,3653265,850237389671.68,390.76,389.95,2.61951150795741,2276889,315561900322.56,711.16,710.64,0.086847774362919,5274790,278890480000,288.11,286.25,-6.40015499904967,29254444,1793462190000,144.93,144.04,-6.40349162834014,38505405,1793462190000,143.68,142.82,-0.157436041994374,2654040,353457291278.16,355.14,353.66,-2.23393574382852,9121808,375054008996.0,155.8,156.61,1.02472066235351,7820160,502624826401.0,174.5,173.86,9.48837209309319,7602392,670392251172.6,706.2,691.02,3.67243179490935,2438961,426613840000,456.76,459.51,14.5603710539494,40832376,1171222199747.46,459.41,469.88,-0.993361319541242,25352286,3014156456293.85,405.65,409.9,-2.38454992210853,4143099,243236851783.04,562.06,562.47,10.9933562807779,680078009,1712500400000,69.332,68.225,2.32087912165111,8084508,319947031580,116.39,115.53,1.31275614778341,6931933,372271460953.34,158.21,158.17,-5.16943382364045,134294447,576638152539.9,181.06,184.26,-0.313156539763682,3646516,897594808806.635,502.96,509.96,0.701600525718304,4899140,553631161960.98,275.58,277.4,2.19340765824656,19145089,454071684052.718,56.21994378,56.66994333,-1.53204693131971,17190890,402934589375.85,101.55,101.45
2024-02-06,0.670070197007755,43490759,2923148073300,189.3,186.86,6.38364779920246,42505518,1757025545372.65,169.15,169.39,1.1993444576877,25354099,572372066687.85,122.265,126.357,-5.03018108791021,27194182,261469705742.56,33.04,32.92,1.70218261701793,2574602,855841895722.32,393.74,390.29,1.58106232022959,1920162,315397720808.64,710.79,711.23,-0.660341290700339,4207846,276683440000,285.83,287.94,-4.99183273452266,21517655,1799024310000,145.41,145.96,-4.85936880977912,29128201,1799024310000,144.1,144.65,-0.238028563873449,2045343,354562031925.0,356.25,354.85,-0.447187756118084,9230611,380494458677.2,158.06,155.83,-0.663754467461586,6765684,504353049299.8,175.1,174.61,9.31036621281775,8199902,669281575820.19,705.03,742.0,3.43898110945777,2201912,430107000000,460.5,455.36,13.6629505580079,21655214,1159265489800.32,454.72,464.0,-0.758706771242457,18382624,3012967586497.21,405.49,405.88,-1.23834058763154,2840300,240562397553.92,555.88,564.12,8.68034536767441,683111359,1685108100000,68.223,69.63,0.998598459232824,4639268,316950706600,115.3,116.74,0.933392596134342,6185982,374036226743.84,158.96,158.305,-3.3874419330327,122675954,589504705816.5,185.1,177.21,1.40187843697781,2745515,914088433327.925,510.67,503.94,-0.140718023113717,4400250,556001743175.56,276.76,274.8,2.54846307054826,14189798,457167750118.934,56.60327673,56.26327707,-2.47973295221656,13353286,405712080390.75,102.25,102.07
2024-02-07,2.71691973858104,53438955,2924846680210,189.41,190.64,9.87757732068928,47174060,1771360131554.23,170.53,169.48,6.53050847457626,25767749,588480783667.14,125.706,123.4,-2.44045868961332,29660099,262577628224.52,33.18,33.06,3.62745609008841,3429024,864956498772.88,397.66,394.6,3.73332841836342,2145467,319386839268.48,719.78,714.15,2.75712405392878,3621376,279597120000,288.84,287.35,3.44146685465994,21436126,1815963760000,146.68,146.12,3.8829407564418,25208862,1815963760000,145.54,144.76,2.75668630967398,3272379,360971518200.36,362.69,358.48,-0.578980490859082,8690294,380301876387.6,157.98,157.8,0.61367286133176,7225478,505303571894.14,175.43,175.69,12.3557565715359,5797966,688599732590.74,725.38,710.38,2.82260757329229,2544469,431423940000,461.91,461.21,20.3644845453568,23065994,1197175143726.54,469.59,458.0,4.14256250366201,22340526,3076572120617.45,414.05,407.44,-0.852670578516379,4373591,242042435331.2,559.3,558.16,13.9320948539809,495574549,1731445300000,70.099,68.319,4.98657117372261,7672882,322366082940,117.27,115.8,1.26002290917522,7209276,374412710112.48,159.12,159.1,0.154840088045005,111535217,597402986045.7,187.58,188.18,1.49489975366044,4109062,930645607032.984,519.39,514.01,2.24328478382048,4785902,561285326730.09,279.39,279.38,2.49924356960305,17082482,456010092318.878,56.45994354,56.75660991,-0.573874136590746,13826832,405593045061.54,102.22,102.25
2024-02-08,0.781333617832147,40962046,2908015029920,188.32,189.385,6.62983425541668,42316454,1764192838463.44,169.84,169.65,6.22911475737702,29326239,596766871738.44,127.476,126.7,-1.2816691507256,36852163,262102804303.68,33.12,33.05,2.85943484093063,3359311,863410890827.32,397.49,397.22,2.79354985294571,1918506,321330369730.56,724.16,723.89,2.87174066338587,4488432,282607600000,291.95,289.3,3.16025506267199,18241319,1821528040000,147.22,146.97,3.364975913082,22563764,1821528040000,145.91,145.83,1.01369178192128,2521954,361996637899.68,363.72,362.86,-1.23768628417477,9754960,376498376168.0,156.4,157.34,0.615898233242307,6060285,503488937850.4,174.8,175.0,11.3940917287902,4636885,698377472872.64,735.68,728.32,-0.577106656100035,2081511,427506858790,458.26,460.0,19.0536501353324,18815097,1198220399820.0,470.0,468.32,2.55832384094161,21225257,3077017946791.19,414.11,414.05,-1.58235097196529,3175468,241709210451.52,558.53,560.55,10.4939153075811,414422109,1720132700000,69.641,70.074,0.995412448139565,4472770,320744218960,116.68,117.09,-0.339238598034197,6121778,373283260006.56,158.64,158.8,0.370644922684393,83034043,603708871067.4,189.56,189.0,2.55353551288791,3342976,932100130125.21,520.09,520.63,-0.270709257839741,5833409,554032955387.18,275.78,279.54,0.629790267178554,14427941,455983164597.38,56.45661021,56.45994354,1.54311944550649,19636898,412536772598.79,103.97,102.34
2024-02-09,1.74334140378953,45155216,2916199226850,188.85,188.65,1.53658110753741,56985986,1812078666214.95,174.45,170.9,4.82709051407286,26292889,600830331877.36,128.344,125.203,-1.19510008977763,36175985,261707117702.98,33.07,33.1,1.94753678850008,2510146,865751330760.48,398.36,397.31,1.96200033813412,1426119,320993136134.4,723.4,725.14,1.97437513188021,4376347,281978400000,291.3,293.25,4.6537550510402,21877693,1859435620000,150.22,147.95,4.64952942770396,26829504,1859435620000,149.0,146.68,1.65719564417599,2389992,361429338648.6,363.15,364.13,0.095779324895107,6529202,377598350661.28,156.76,156.27,0.16024723930661,6296729,504093815864.98,175.01,175.0,10.860480791858,2833894,702630315247.68,740.16,735.5,-0.586217377902876,2155449,427152360020,457.88,458.06,-1.44845154605221,18413137,1193402024169.66,468.11,472.95,2.26885851896679,22032844,3124869956105.95,420.55,415.25,-0.587985265297353,3055698,242916609690.88,561.32,565.0,9.02811366479814,436636889,1781685100000,72.133,70.533,0.734087573471731,5787142,320634262080,116.64,117.06,-0.423809222788596,5978181,370412574320.68,157.42,158.26,3.01208025188746,84476347,616479880631.55,193.57,190.18,1.56596044981019,2715493,928473823730.135,518.22,518.99,-0.082536396844857,4618283,555338784022.33,276.43,275.0,-0.171020817717915,14329880,455740863564.11,56.42661024,56.46327687,-0.196136118907453,20410510,403807515123.39,101.77,104.1
2024-02-12,-0.155669461034635,41781934,2889948029150,187.15,188.415,1.19194410175689,51050440,1790161291690.94,172.34,174.8,1.7617247204569,24778219,592197819785.0,126.5,129.001,1.90966959666032,34160430,266059670310.68,33.62,33.0,1.77858532111637,2820408,859643334587.68,397.71,398.65,1.58192249316764,1572611,320553845002.56,722.41,723.52,-0.274200825428117,3750035,278125760000,287.32,290.82,2.62195542675387,17236108,1841045690000,148.73,149.54,2.67956570080852,21564085,1841045690000,147.53,148.42,2.90308047544161,3119737,363718440889.8,365.45,364.22,1.31578947375028,6701508,380223906939.8,157.85,156.58,0.739255014981222,8539316,506340505633.42,175.79,174.78,4.39818748261152,2932304,699877359245.98,737.26,740.8,0.426920045702239,1794533,427926659965,458.71,459.18,2.06569295411121,19381963,1195416054203.4,468.9,468.19,2.36903734828506,21202921,3085562948454.54,415.26,420.555,-0.749030353158864,3608487,241414933934.4,557.85,560.36,4.20585011335815,613710179,1784525600000,72.248,72.6,-0.472549186881399,5439629,318435124480,115.84,116.26,-0.695278426748636,5482124,369683137793.94,157.11,157.36,3.90478294503138,95498597,599154620773.95,188.13,192.11,2.9187211712485,3194016,928093978015.077,517.64,518.22,0.003142916841692,3676232,552606588724.17,275.07,276.43,0.972370448841153,14795054,458486941941.17,56.7666099,56.40994359,1.5952732644839,18173061,409362497153.19,103.17,102.16
2024-02-13,-2.12617112346111,56529529,2857365660240,185.04,185.77,-0.301507537965329,56345122,1751727980914.24,168.64,167.73,2.3718971087392,31906519,585948143188.85,125.165,123.512,-0.87772397136987,43801475,259174723458.5,32.75,33.12,0.269213186388773,3459672,853991910792.22,394.8,397.18,0.486782313082656,1951080,316933021128.0,714.25,721.39,-1.63733687801591,4956553,272153200000,281.15,280.41,0.660202186408698,18138482,1811500950000,146.37,146.07,0.721721026267463,27837730,1811500950000,145.14,144.92,0.376140350644105,3106506,355895682795.96,357.59,358.47,-1.00594710943237,8621022,376899808165.16,156.47,157.64,-0.479725871156111,8397631,501933537241.48,174.26,175.32,5.38133129077456,2860265,705297834683.81,742.97,730.18,-0.008686210826181,2407755,429559220090,460.46,456.76,1.18754398325973,20916602,1173032277372.72,460.12,456.87,0.20469062119306,27824936,3019134848567.28,406.32,404.94,-0.244657120834257,3511453,239973844519.68,554.52,550.8,5.72387611283971,602580149,1781561600000,72.128,70.4,-1.40503035416522,8171722,312497452960,113.68,113.79,-1.69224962214759,6046869,367706600108.58,156.27,157.75,-0.583468395452524,86759478,586065132168.3,184.02,183.99,1.21017486888044,3436087,922470326890.561,516.85,522.0,-0.155348834217295,5493833,554093224401.11,275.81,273.75,-0.394558624545349,18574233,455363956230.158,56.37994362,56.87327646,0.039119804669263,18917431,402101342071.38,101.34,102.76
2024-02-14,-2.6534887245084,54630517,2843622386150,184.15,185.32,0.263883186453273,42815544,1776034453135.18,170.98,169.21,0.410481599923629,27306259,590896389003.18,126.222,126.924,-0.150693189052475,27833900,262181941623.82,33.13,32.98,0.256500528100778,2670953,863129169921.8,398.68,395.15,0.333435216666533,1472519,320451787466.88,722.18,716.0,0.107325855745044,3850721,279897200000,289.15,285.0,0.31360785359571,16651824,1821277220000,147.14,147.37,0.274838532440658,22704166,1821277220000,145.94,146.08,-1.22970029515227,2998873,356532650376.12,358.23,357.17,-1.41790100056437,9098805,375141408088.72,155.74,156.35,0.342016758249608,7056664,507031794792.94,176.03,175.07,4.58104717478811,3394326,718910727464.63,757.31,745.82,0.71009504012467,2202784,433971796885,465.19,462.0,0.785791860689344,16858401,1206582448567.68,473.28,467.93,-0.920178722429621,20401190,3042689331413.21,409.49,408.07,3.58126229239553,5634226,250710609798.72,579.33,567.26,5.42233127499743,504917419,1825330000000,73.9,73.202,-2.56672635657555,5946116,314091827720,114.26,114.32,-2.19331322276606,5727455,366200666634.02,155.63,156.16,0.602409638244961,81202987,601001799214.65,188.71,185.3,-0.471707194770321,1918535,923098828844.973,516.94,515.26,-0.467677333692562,4218350,557608916880.36,277.56,276.47,-0.460503011226932,18484620,453910150030.538,56.1999438,56.24994375,-0.425246714745575,17651253,400117419917.88,100.84,101.87
2024-02-15,-2.24423403765385,65434496,2839144240660,183.86,183.55,-0.023551579463343,49855196,1763777343211.8,169.8,170.58,-0.760143085757348,21873439,592230589624.83,126.507,127.995,2.8683574868978,41683111,269620849716.98,34.07,33.32,1.49940878983197,3076698,872781349815.8,403.45,399.14,0.048331860180983,1264141,321485674676.16,724.51,721.49,-0.003425243863553,3986522,282597920000,291.94,291.34,-2.22795815827238,26724305,1781694480000,143.94,144.46,-2.15201151340563,37590695,1781694480000,142.77,143.14,-0.725833058723358,2662754,359369146631.52,361.08,358.9,0.971867007400817,7462529,380392520645.76,157.92,155.98,2.90045766518754,8723390,518092421345.26,179.87,176.15,3.18084041932512,2507030,719356896195.94,757.78,755.8,2.84118186232571,2354215,439653106120,471.28,465.83,2.98510638243865,24212326,1233988553457.18,484.03,475.28,-1.64337167303373,21825525,3020918153262.24,406.56,408.14,6.25391653077172,5220938,256825502720.64,593.46,581.91,4.33221809076521,420121809,1794652600000,72.658,73.869,-3.3424751451942,8455623,310023423160,112.78,114.25,-1.02748361092357,6249241,369447835688.54,157.01,156.3,5.74488288683204,120831762,638391238686.75,200.45,189.16,0.151896787867067,2292306,933279797325.349,520.88,517.34,1.88556095389059,4834758,564479584468.38,280.98,277.655,-0.047233866724372,16948873,455767791285.608,56.42994357,56.5999434,0.704438565028465,23196310,411584489965.11,103.73,100.6
2024-02-16,-3.46306592472913,49752465,2815209325110,182.31,183.42,-2.8317569517758,48107744,1760765002637.41,169.51,168.74,-2.9576762450913,21268049,583059715878.12,124.548,125.904,3.08436649475414,33290656,268378895606.78,34.09,33.92,1.91535294642577,3533386,877859434345.92,405.99,404.44,0.081559303949219,1764947,321254935899.84,723.99,721.99,-0.542396154753744,4159391,280448960000,289.72,292.0,-5.63174011521557,21865118,1754117200000,141.76,144.21,-5.6912751671609,31468926,1754117200000,140.52,142.99,-0.22029464415344,3899647,360633129173.4,362.35,360.68,0.625159479238979,8540961,377092509543.4,156.55,156.6,2.29701159869466,8152647,515672909286.94,179.03,179.61,5.8423159718026,5009368,743085611331.12,782.06,771.03,2.23857779338976,2237275,436714497895,468.13,474.17,1.11298626403829,23324620,1206684424771.92,473.32,478.11,-3.7450827014885,22296495,3002342062689.74,404.06,407.96,4.03156844604977,4325689,252709959076.8,583.95,596.95,0.665437456729134,495326619,1815325000000,72.613,74.1,-4.5696159123914,8936016,305982507820,111.31,113.02,0.057171896619468,6617706,370624346215.54,157.51,157.04,3.29596528398739,111346705,636798843479.25,199.95,202.06,0.642584231259469,2135586,933551477006.233,521.55,522.3,0.770538653215036,6630744,559617884011.36,278.56,280.96,0.63799621897711,22373563,458648475963.35,56.78660988,56.76327657,2.88140392702532,20151426,411584489965.11,103.73,104.01
2024-02-20,-1.88067444883497,53665553,2803627914360,181.56,181.79,-0.92504743979146,41980326,1735523666100.28,167.08,167.83,-2.00535293412696,26329189,574197814906.95,122.655,123.586,3.69465648937684,30372877,267355450126.32,33.96,33.78,3.12816615929485,3534163,881110419527.2,407.15,406.47,1.60168008419648,2407333,321879073810.0,725.69,728.03,1.86377378590421,4285328,277225520000,286.39,289.5,-2.84894445663071,18625589,1760669640000,142.2,140.94,-2.76973956144099,24935710,1760669640000,141.12,139.655,1.39265639480115,4830046,360852086779.08,362.57,355.31,1.65524243781827,9501742,380247994612.08,157.86,156.56,3.13898771858205,9667959,517689169335.54,179.73,179.19,1.88260193609764,4701094,718001269798.32,755.66,790.0,-1.89158667420416,5044210,421433735125,451.75,452.8,2.52760149593128,18015523,1202681858755.5,471.75,469.715,-0.687209924345289,24307915,2992905408678.91,402.79,403.24,3.71672798117195,3124236,248893019545.92,575.13,580.18,-3.71007098435442,704833099,1736300000000,69.452,71.947,-4.60063335755925,10975638,298120590900,108.45,110.54,1.43341652245637,6622058,372977367269.54,158.51,158.7,5.29290294611886,104545762,617084990810.4,193.76,196.13,0.814549676151244,2600288,931356330141.383,521.06,524.21,-0.239295167395115,6157178,552767306094.65,275.15,274.57,3.97304008416379,71788685,473455742484.215,58.61994138,59.49327384,1.39135583168926,17650010,407696002544.25,102.75,103.84
2024-02-21,-0.993755091114468,41529674,2815363743920,182.32,181.94,-1.39782430837563,44575623,1751208611849.69,168.59,168.94,-2.75467034272946,20639829,574619141419.05,122.745,121.8,1.72049501993503,37878888,265308559165.4,33.7,33.36,2.6512491215793,2720475,886056488322.0,409.25,408.26,0.116314492501557,1565913,320694797980.0,723.02,725.69,-1.93671105021228,3799041,274476400000,283.55,280.07,-2.24276199595775,16499584,1779639740000,143.84,142.64,-2.32287241379796,23315687,1779639740000,142.55,141.45,1.64698657407327,3278896,362404695255.72,364.13,360.59,2.66225182652198,7473300,382223183739.04,158.68,158.02,2.76657387920904,7027857,521059203988.2,180.9,179.95,-1.50532806926006,3548650,708737166391.32,745.91,738.08,-1.31989079720757,2896527,428243843075,459.05,453.31,-1.00363421174459,12977050,1193198071761.18,468.03,466.5,-1.7851473788691,18631072,2988372842579.22,402.18,400.17,-1.03222688341325,2281143,248122707486.4,573.35,573.51,-8.69824086533414,690298129,1686800000000,67.472,68.006,-5.3387012090752,7867610,297323403520,108.16,106.76,3.06496176844935,7121116,377424577061.6,160.4,159.19,3.21127656286149,103844008,620301629129.55,194.77,193.36,0.973033621189945,2096023,933414236636.078,521.97,523.67,-0.288225969408817,4771105,556001743175.56,276.76,274.63,3.02491103149576,40551571,467640525762.436,57.8999421,58.333275,3.97659658819169,20999189,416028475588.95,104.85,103.02
2024-02-22,0.277384966501804,52292208,2847019599970,184.37,183.48,2.8150765591292,55392354,1815140753178.76,174.58,173.1,3.14844237868264,40819259,604717970252.1,130.49,128.171,-1.35016143228811,42756850,264600019986.62,33.61,33.37,2.902466228325,3697494,898619032301.28,415.16,411.3,1.36506052402379,1801596,325742385600.0,734.4,725.85,0.585736795096214,5264297,284253200000,293.65,292.0,0.958732804718832,23024707,1798446300000,145.32,146.12,0.924563983703552,27191892,1798446300000,144.09,144.93,2.8414755745245,3387455,369580533150.96,371.34,367.44,2.37439556818042,8065010,386486701732.6,160.45,158.98,1.77906265677328,9296459,527309610138.86,183.07,181.82,1.56509804935683,3167403,731284568837.28,769.64,763.58,0.059412663344038,2572782,439914315740,471.56,461.81,0.54115165761579,21625805,1239342304179.78,486.13,480.24,1.25196772869409,27009869,3058739073667.85,411.65,410.19,-0.84083173342776,3526597,254666032396.48,588.47,582.75,8.09270830506843,865099739,1963450000000,78.538,75.025,-1.56942720443198,8957789,305157831220,111.01,111.49,2.261002483623,6619639,377801060430.24,160.56,159.46,-1.51658767683121,92739461,628709475825.15,197.41,194.0,1.07894332635006,3186819,941632608219.447,526.5,524.2,0.9858352904351,5100191,570044423421.25,283.75,279.18,3.61509835190761,29512964,470846296789.539,58.46994153,57.95994204,0.992962497973049,20470668,415671369601.32,104.76,104.16
2024-02-23,0.115188414525402,45119677,2818452120120,182.52,185.01,3.23284761863603,59715243,1819403599488.78,174.99,174.28,4.08597488518483,23114639,600764989727.73,129.637,130.837,-0.498679965080784,30586039,267040543824.64,33.92,33.73,2.76607798149582,4025164,903257226169.0,417.22,417.68,1.92544095912604,1265759,327308113570.0,737.93,740.12,1.06309540170682,4416764,283430400000,292.8,298.0,2.49012415279821,14519434,1797397110000,145.29,144.97,2.44805009928593,19493752,1797397110000,143.96,143.67,2.65213191768923,3398308,370197595494.24,371.96,372.08,3.37911210491568,6725963,389834888179.52,161.84,160.88,2.77048539360127,7105833,529959551917.02,183.99,183.81,-1.60090018752009,2394805,731189552392.08,769.54,774.0,1.13002798384827,1764216,441649493930,473.42,473.73,2.37198785665713,18374286,1233988553457.18,484.03,488.05,1.5542246202781,16295879,3049005202207.86,410.34,415.67,-0.066786541390662,2568852,252541182839.04,583.56,586.4,8.54392464139391,829388369,1970425000000,78.817,80.79,0.574970801352559,7504506,307741817900,111.95,112.0,2.23477874410125,5486533,378906980325.62,161.03,160.6,-3.99099774790939,78841917,611384215967.55,191.97,195.31,1.09097881249323,2502146,943299182750.3,527.24,526.75,1.80930499706322,5107693,569743078351.6,283.6,284.72,3.05235970930429,74365841,471248928350.096,58.51994148,58.69660797,0.10604453830998,15975888,412020952838.88,103.84,103.88
2024-02-26,-0.63079370379141,40867421,2797451161960,181.16,182.24,3.07946433726287,44368614,1816700331097.06,174.73,175.7,5.11047949384977,16282479,606678240781.77,130.913,131.0,-1.40803754760914,31129153,264600019986.62,33.61,33.79,0.775881178433924,7446190,884974546981.12,409.14,422.0,2.95031699302706,1707046,330599247150.0,745.35,742.0,3.68286621513481,8719272,290777520000,300.39,295.59,-2.12330699810472,33513011,1717099590000,138.75,143.45,-2.09934528886249,53641795,1717099590000,137.57,142.14,2.55278046242122,2460960,369839301230.4,371.6,373.51,2.70839987274807,5465417,387305682590.12,160.79,161.8,2.41858906294767,7145391,528144917873.28,183.36,183.75,-1.29657571131707,2243779,733450943787.84,771.92,771.3,1.36286928901235,2066883,442666345665,474.51,473.0,1.88765454613256,12101415,1228150415764.44,481.74,483.47,0.861258229098727,16193505,3028199980766.66,407.54,411.455,0.633615890430095,2393712,254311169537.6,587.65,583.56,8.92264470505511,503972729,1977300000000,79.092,79.7,-0.305453239139442,6342943,305047874340,110.97,112.0,1.72052568095131,4531936,377001033271.88,160.22,161.025,-0.275068765707109,111747116,635047208751.0,199.4,192.29,0.722845364223823,2308927,939666507876.831,525.32,528.32,2.00674899488043,3856911,570848010273.65,284.15,283.04,4.95431955937513,32154765,479946419113.2,59.6,59.12,0.501301455670022,13360800,413647769004.75,104.25,103.72
2024-02-27,0.589336857545297,54318851,2820150727030,182.63,181.1,3.86641129916327,31141732,1804327679611.88,173.54,174.075,5.68097509273982,12126049,600700110797.67,129.623,130.913,0.942285040717184,40536282,269874700539.76,34.28,33.73,0.432273117665516,4610892,885774482228.58,408.91,409.21,2.62095385025212,1471310,330315375790.0,744.71,746.0,4.57767380095684,6178811,289916000000,299.5,301.58,-1.47679324910808,22363981,1733613660000,140.1,139.41,-1.58730158648994,33099190,1733613660000,138.88,138.02,3.58275643415262,2802853,373780538132.64,375.56,372.66,1.97643481627117,5078650,387926876032.92,160.98,160.34,2.06977132416832,5717065,528404151308.1,183.45,183.31,1.23600560980033,2716745,726875805780.0,765.0,754.9,5.09131156645435,2011129,442890239625,474.75,474.55,3.35353878290359,10809595,1241687756877.3,487.05,479.975,1.16437846061808,14835827,3027754154592.92,407.48,407.99,4.61460886971832,4489355,260378458905.28,601.67,595.0,13.3171110981593,391705239,1967525000000,78.701,79.381,2.70170585527167,6593144,306174932360,111.38,110.62,0.498391268402476,3868405,374836253902.2,159.3,159.41,3.08113129698497,108645412,636098189587.95,199.73,204.04,-1.46624189191561,3780619,916910555668.595,513.42,524.76,2.91477376032181,4145383,568879222485.27,283.17,284.17,1.65482700605881,18012749,479865891190.53,59.59,59.64,1.24574209274468,16359978,412774843257.21,104.03,104.68
2024-02-28,-0.493637560983662,48953939,2801466051020,181.42,182.51,2.71071831036134,28180482,1800376748885.52,173.16,172.44,5.04867815389629,10967179,597544214271.18,128.942,129.3,1.81008902050397,39548560,270110880266.02,34.31,34.22,0.706169822358338,4069203,892136129319.48,412.14,408.5,3.4494204853738,1364965,331756910040.0,747.96,743.21,5.72033151073088,12490784,290177360000,299.77,299.58,-4.45634037882117,30628702,1701567090000,137.43,139.1,-4.32830585600085,37328558,1701567090000,136.38,137.9,3.70197456958443,2282512,374217466042.53,377.61,375.56,1.80867154028865,6071076,389300452373.7,161.55,161.0,1.92371476010003,6131608,531082896801.24,184.38,183.43,1.57257577940264,2716307,720338428004.0,757.64,762.25,4.3132556371924,1931986,446715094775,478.85,474.17,3.41644766379345,12715486,1233963059406.12,484.02,485.0,1.37749266476677,13183125,3029537459287.88,407.72,408.175,4.03418505209647,2605242,258132436664.32,596.48,595.79,15.1040431581209,393110399,1941575000000,77.663,77.62,3.25443786965154,5278179,306999608960,111.68,111.26,-0.218204489190688,3802915,376601019692.7,160.05,159.065,3.73260769148465,99806173,643455055446.6,202.04,200.42,-4.53857501424211,9558553,888494173516.006,498.28,495.44,3.2049429111513,4358820,573821281627.53,285.63,282.1,2.97074200451337,14803289,480107474958.54,59.62,59.55,-0.505484023742464,14810486,413925518106.24,104.32,104.47
2024-02-29,-1.96344307662718,136682597,2791119990750,180.75,181.27,1.24871119271672,53805359,1837806618924.72,176.76,173.01,-0.337956931565653,27535639,602674283955.21,130.049,130.331,3.42160071472495,43863401,271764138349.84,34.52,34.33,-1.3874168996581,4849104,885998130973.2,409.4,413.1,1.29221132811363,3361185,329951665610.0,743.89,751.42,5.16601396155312,21737805,298937760000,308.82,300.0,-3.81227635583133,35485006,1728958900000,139.78,138.35,-3.90728017099241,42132953,1728958900000,138.46,137.28,2.4963645170704,4382836,377190513361.53,380.61,378.79,0.579619819090582,9849270,388890789254.52,161.38,162.0,1.63325503913085,9643012,535921920917.88,186.06,185.66,-2.0736967934109,3905355,716573394248.0,753.68,753.08,0.67859869398883,3072717,442899568540,474.76,478.0,0.822825170547858,17732045,1249539924603.78,490.13,488.44,0.48342038181699,31947263,3073525641763.56,413.64,408.64,2.4555202472859,3572082,260919408385.28,602.92,604.25,0.730856400434177,507288979,1977800000000,79.112,79.094,0.60354922973116,12193860,306999608960,111.68,111.68,-1.00896860998501,8348201,373989166322.76,158.94,159.93,2.26432298285237,85906974,642945488980.2,201.88,204.18,-6.24881291508137,6833167,880460806324.389,493.6,498.5,-0.391189427166883,6633684,567814469905.84,282.64,285.5,0.239539268757039,29245142,471974154768.87,58.61,59.45,-0.229095073678876,17566066,413717394880.92,104.52,104.675
2024-03-01,-1.56695156707353,73563082,2774288340460,179.66,179.55,1.845819760777,31981152,1852986510662.84,178.22,176.75,7.929834846533,44487719,648405092173.29,139.917,132.593,1.97175140609571,38432319,271043445390.6,34.35,34.53,-2.42318201419173,3284244,881525452843.06,407.11,409.48,1.55976854070921,1678119,332413362560.0,749.44,740.44,8.22404371570156,9366647,306739840000,316.88,307.0,-4.9624888156517,28551525,1710392360000,138.08,139.61,-4.73742706230894,31151116,1710392360000,137.14,138.43,3.35788794452383,2750902,380996013929.85,384.45,380.36,0.173010380800864,5670135,390674028714.48,162.12,161.83,0.706560139469814,6311996,533704034864.42,185.29,185.7,1.63474283353013,4247527,743613182132.0,782.12,769.02,0.678044864817795,1748452,444644075645,476.63,474.91,3.77455942770031,15884882,1280566184743.8,502.3,492.11,1.25749378615969,17823445,3087346253149.5,415.5,411.27,6.13133182597749,4270305,268025320754.56,619.34,599.81,4.39245340440579,479135099,2056975000000,82.279,80.0,1.63465832991805,7605145,312772345160,113.78,111.68,-1.35378500966638,4819929,373777394427.9,158.85,158.05,5.55816012880528,82243119,645365929695.6,202.64,200.52,-7.15234048952611,7315039,873696860508.15,489.53,489.42,-0.155148095606605,3955728,568859132813.96,283.16,283.2,0.410216609883318,19030919,473182073608.92,58.76,58.8,1.92604006170989,18460120,418942298834.64,105.84,105.72
